organoid_id,Preneurogenic_OV,RPC,RPC_Proliferating1,RPC_Proliferating2,Retina
BMP.E1.PLATE3,0.04935064935064935,0.787012987012987,0.06233766233766234,0.03116883116883117,0.07012987012987013
BMP.E10.PLATE3,0.05844155844155844,0.762987012987013,0.07142857142857142,0.03571428571428571,0.07142857142857142
BMP.E11.PLATE3,0.038686987104337635,0.7432590855803048,0.09026963657678781,0.04689331770222743,0.08089097303634232
BMP.E12.PLATE3,0.06354515050167224,0.7926421404682275,0.033444816053511704,0.043478260869565216,0.06688963210702341
BMP.E2.PLATE3,0.04789272030651341,0.7844827586206896,0.07950191570881227,0.05842911877394636,0.029693486590038315
BMP.E3.PLATE3,0.031767955801104975,0.7900552486187845,0.058011049723756904,0.06077348066298342,0.05939226519337017
BMP.E4.PLATE3,0.05511811023622047,0.7217847769028871,0.09448818897637795,0.05249343832020997,0.07611548556430446
BMP.E5.PLATE3,0.0602510460251046,0.7138075313807531,0.0895397489539749,0.05188284518828452,0.08451882845188284
BMP.E6.PLATE3,0.04194260485651214,0.7373068432671082,0.06622516556291391,0.06622516556291391,0.08830022075055188
BMP.E7.PLATE3,0.06741573033707865,0.7612359550561798,0.09550561797752809,0.03651685393258427,0.03932584269662921
BMP.E8.PLATE3,0.05737704918032787,0.8155737704918032,0.05737704918032787,0.012295081967213115,0.05737704918032787
BMP.E9.PLATE3,0.01282051282051282,0.75,0.0641025641025641,0.057692307692307696,0.11538461538461539
BMP.F1.PLATE3,0.028913260219341975,0.7926221335992024,0.05284147557328016,0.040877367896311065,0.0847457627118644
BMP.F10.PLATE3,0.018272425249169437,0.7657807308970099,0.0681063122923588,0.06312292358803986,0.08471760797342193
BMP.F11.PLATE3,0.0438871473354232,0.7836990595611285,0.05329153605015674,0.05329153605015674,0.06583072100313479
BMP.F12.PLATE3,0.036057692307692304,0.8653846153846154,0.040865384615384616,0.02403846153846154,0.03365384615384615
BMP.F2.PLATE3,0.05078125,0.80859375,0.0625,0.0390625,0.0390625
BMP.F3.PLATE3,0.047323506594259115,0.7967416602017068,0.051978277734678044,0.06904577191621412,0.03491078355314197
BMP.F4.PLATE3,0.03319502074688797,0.7344398340248963,0.0995850622406639,0.04149377593360996,0.0912863070539419
BMP.F5.PLATE3,0.028747433264887063,0.7125256673511293,0.10061601642710473,0.059548254620123205,0.09856262833675565
BMP.F6.PLATE3,0.06040268456375839,0.7516778523489933,0.09395973154362416,0.040268456375838924,0.053691275167785234
BMP.F7.PLATE3,0.04212637913741224,0.8415245737211635,0.04613841524573721,0.03009027081243731,0.04012036108324975
BMP.F8.PLATE3,0.03317535545023697,0.7417061611374408,0.05924170616113744,0.061611374407582936,0.10426540284360189
BMP.F9.PLATE3,0.042483660130718956,0.7598039215686274,0.07516339869281045,0.06209150326797386,0.06045751633986928
BMP.G1.PLATE3,0.03522504892367906,0.8140900195694716,0.07436399217221135,0.03718199608610567,0.03913894324853229
BMP.G10.PLATE3,0.037852112676056336,0.7535211267605634,0.07922535211267606,0.06690140845070422,0.0625
BMP.G11.PLATE3,0.05113636363636364,0.7130681818181818,0.08522727272727272,0.06534090909090909,0.08522727272727272
BMP.G12.PLATE3,0.02867383512544803,0.7311827956989247,0.07168458781362007,0.05734767025089606,0.1111111111111111
BMP.G2.PLATE3,0.05137614678899083,0.726605504587156,0.09357798165137615,0.05137614678899083,0.07706422018348624
BMP.G3.PLATE3,0.046579330422125184,0.7656477438136827,0.07569141193595343,0.05967976710334789,0.05240174672489083
BMP.G4.PLATE3,0.07784431137724551,0.7485029940119761,0.10179640718562874,0.05389221556886228,0.017964071856287425
BMP.G5.PLATE3,0.03715170278637771,0.7476780185758514,0.0696594427244582,0.05727554179566564,0.08823529411764706
BMP.G6.PLATE3,0.05070422535211268,0.7098591549295775,0.14084507042253522,0.07042253521126761,0.028169014084507043
BMP.G7.PLATE3,0.034346103038309116,0.8560105680317041,0.05151915455746367,0.03038309114927345,0.02774108322324967
BMP.G8.PLATE3,0.046511627906976744,0.7674418604651163,0.05426356589147287,0.031007751937984496,0.10077519379844961
BMP.G9.PLATE3,0.03561046511627907,0.8502906976744186,0.040697674418604654,0.038517441860465115,0.03488372093023256
BMP.H1.PLATE3,0.06884681583476764,0.7469879518072289,0.08777969018932874,0.06368330464716007,0.03270223752151463
BMP.H10.PLATE3,0.020202020202020204,0.8080808080808081,0.050505050505050504,0.050505050505050504,0.0707070707070707
BMP.H11.PLATE3,0.023529411764705882,0.8235294117647058,0.09411764705882353,0.058823529411764705,0.0
BMP.H12.PLATE3,0.03367875647668394,0.7098445595854922,0.12694300518134716,0.054404145077720206,0.07512953367875648
BMP.H2.PLATE3,0.03763440860215054,0.7258064516129032,0.06451612903225806,0.06989247311827956,0.10215053763440861
BMP.H3.PLATE3,0.03669724770642202,0.763302752293578,0.06972477064220184,0.044036697247706424,0.08623853211009175
BMP.H4.PLATE3,0.04819277108433735,0.7951807228915663,0.04819277108433735,0.07228915662650602,0.03614457831325301
BMP.H5.PLATE3,0.029411764705882353,0.8781512605042017,0.012605042016806723,0.05042016806722689,0.029411764705882353
BMP.H6.PLATE3,0.027559055118110236,0.8228346456692913,0.051181102362204724,0.07086614173228346,0.027559055118110236
BMP.H7.PLATE3,0.02666666666666667,0.72,0.05333333333333334,0.08666666666666667,0.11333333333333333
BMP.H9.PLATE3,0.05868544600938967,0.7746478873239436,0.046948356807511735,0.05868544600938967,0.06103286384976526
BMP:CHIR.E1.PLATE2,0.014957264957264958,0.7767094017094017,0.05235042735042735,0.049145299145299144,0.10683760683760683
BMP:CHIR.E10.PLATE2,0.03159692570452605,0.703672075149445,0.08539709649871904,0.03842869342442357,0.14090520922288644
BMP:CHIR.E11.PLATE2,0.06235011990407674,0.7266187050359713,0.08752997601918465,0.08273381294964029,0.0407673860911271
BMP:CHIR.E12.PLATE2,0.029231815091774305,0.7593473827328348,0.055064581917063225,0.06322229775662815,0.09313392250169952
BMP:CHIR.E2.PLATE2,0.04046639231824417,0.6652949245541838,0.09122085048010974,0.06995884773662552,0.13305898491083676
BMP:CHIR.E3.PLATE2,0.05301204819277108,0.7734939759036145,0.0819277108433735,0.024096385542168676,0.06746987951807229
BMP:CHIR.E4.PLATE2,0.017241379310344827,0.6379310344827587,0.1724137931034483,0.05172413793103448,0.1206896551724138
BMP:CHIR.E5.PLATE2,0.029411764705882353,0.7647058823529411,0.07620320855614973,0.04144385026737968,0.08823529411764706
BMP:CHIR.E6.PLATE2,0.022900763358778626,0.7213740458015268,0.08778625954198473,0.08015267175572519,0.08778625954198473
BMP:CHIR.E7.PLATE2,0.021181716833890748,0.7212931995540691,0.06020066889632107,0.0713489409141583,0.12597547380156077
BMP:CHIR.E8.PLATE2,0.035731076633756464,0.7541137752703339,0.076633756464504,0.048895157498824636,0.0846262341325811
BMP:CHIR.E9.PLATE2,0.0395738203957382,0.7128361237950279,0.06443429731100964,0.07255200405885337,0.11060375443937087
BMP:CHIR.F1.PLATE2,0.022935779816513763,0.7412844036697248,0.07431192660550459,0.05412844036697248,0.10733944954128441
BMP:CHIR.F10.PLATE2,0.05660377358490566,0.7924528301886793,0.0,0.03773584905660377,0.11320754716981132
BMP:CHIR.F11.PLATE2,0.03735632183908046,0.7298850574712644,0.08045977011494253,0.07471264367816093,0.07758620689655173
BMP:CHIR.F12.PLATE2,0.0273972602739726,0.8059360730593608,0.05707762557077625,0.04337899543378995,0.06621004566210045
BMP:CHIR.F2.PLATE2,0.03379416282642089,0.761136712749616,0.0706605222734255,0.0629800307219662,0.07142857142857142
BMP:CHIR.F3.PLATE2,0.04132231404958678,0.6914600550964187,0.0881542699724518,0.07575757575757576,0.10330578512396695
BMP:CHIR.F4.PLATE2,0.025252525252525252,0.7525252525252525,0.08181818181818182,0.06565656565656566,0.07474747474747474
BMP:CHIR.F5.PLATE2,0.025423728813559324,0.7516949152542373,0.059322033898305086,0.059322033898305086,0.10423728813559321
BMP:CHIR.F6.PLATE2,0.025824175824175823,0.7631868131868131,0.07252747252747253,0.06923076923076923,0.06923076923076923
BMP:CHIR.F7.PLATE2,0.016960208741030658,0.8036529680365296,0.04370515329419439,0.05348988910632746,0.0821917808219178
BMP:CHIR.F8.PLATE2,0.06746987951807229,0.7566265060240964,0.09819277108433735,0.04096385542168675,0.03674698795180723
BMP:CHIR.F9.PLATE2,0.038524590163934426,0.7770491803278688,0.10983606557377049,0.036065573770491806,0.038524590163934426
BMP:CHIR.G1.PLATE2,0.024361948955916472,0.7041763341067285,0.06612529002320186,0.08584686774941995,0.11948955916473318
BMP:CHIR.G10.PLATE2,0.043795620437956206,0.6715328467153284,0.13138686131386862,0.07785888077858881,0.07542579075425791
BMP:CHIR.G11.PLATE2,0.11187845303867404,0.68646408839779,0.1505524861878453,0.04005524861878453,0.011049723756906077
BMP:CHIR.G12.PLATE2,0.03508771929824561,0.7719298245614035,0.07017543859649122,0.06140350877192982,0.06140350877192982
BMP:CHIR.G2.PLATE2,0.01864035087719298,0.743421052631579,0.0537280701754386,0.07785087719298246,0.10635964912280702
BMP:CHIR.G3.PLATE2,0.05168986083499006,0.6441351888667992,0.08151093439363817,0.06958250497017893,0.15308151093439365
BMP:CHIR.G4.PLATE2,0.025817555938037865,0.774526678141136,0.055077452667814115,0.06540447504302926,0.07917383820998279
BMP:CHIR.G5.PLATE2,0.03633217993079585,0.7283737024221453,0.10034602076124567,0.06401384083044982,0.07093425605536333
BMP:CHIR.G6.PLATE2,0.027777777777777776,0.7129629629629629,0.06851851851851852,0.06296296296296296,0.12777777777777777
BMP:CHIR.G7.PLATE2,0.03623508616880247,0.7322138753866548,0.08130799823243483,0.06628369421122404,0.08395934600088378
BMP:CHIR.G8.PLATE2,0.04319654427645788,0.6760259179265659,0.1079913606911447,0.06479481641468683,0.1079913606911447
BMP:CHIR.G9.PLATE2,0.039589442815249266,0.7243401759530792,0.07331378299120235,0.05718475073313783,0.10557184750733138
BMP:CHIR.H1.PLATE2,0.021660649819494584,0.7563176895306859,0.0703971119133574,0.05054151624548736,0.10108303249097472
BMP:CHIR.H10.PLATE2,0.03008595988538682,0.7535816618911175,0.083810888252149,0.06160458452722063,0.07091690544412607
BMP:CHIR.H11.PLATE2,0.02089864158829676,0.7638453500522466,0.07105538140020899,0.04911180773249739,0.09508881922675026
BMP:CHIR.H12.PLATE2,0.05701754385964912,0.6140350877192983,0.06140350877192982,0.07017543859649122,0.19736842105263158
BMP:CHIR.H2.PLATE2,0.052545155993431854,0.6945812807881774,0.10344827586206896,0.05829228243021346,0.09113300492610837
BMP:CHIR.H3.PLATE2,0.06741573033707865,0.7495987158908507,0.12199036918138041,0.038523274478330656,0.02247191011235955
BMP:CHIR.H4.PLATE2,0.06395348837209303,0.7538759689922481,0.046511627906976744,0.029069767441860465,0.1065891472868217
BMP:CHIR.H5.PLATE2,0.032397408207343416,0.7602591792656588,0.04319654427645788,0.04967602591792657,0.11447084233261338
BMP:CHIR.H6.PLATE2,0.03436426116838488,0.7800687285223368,0.07216494845360824,0.037800687285223365,0.07560137457044673
BMP:CHIR.H7.PLATE2,0.09259259259259259,0.7777777777777778,0.08333333333333333,0.027777777777777776,0.018518518518518517
BMP:CHIR.H8.PLATE2,0.06191588785046729,0.7207943925233645,0.09462616822429906,0.06074766355140187,0.06191588785046729
BMP:CHIR.H9.PLATE2,0.05093833780160858,0.7989276139410187,0.09115281501340483,0.032171581769437,0.02680965147453083
BMP:SU5402:CHIR.A1.PLATE3,0.08953258722843976,0.6392363396971692,0.12244897959183673,0.04805793285055958,0.10072416063199473
BMP:SU5402:CHIR.A11.PLATE3,0.0777479892761394,0.774798927613941,0.06702412868632708,0.024128686327077747,0.05630026809651475
BMP:SU5402:CHIR.A2.PLATE3,0.0635386119257087,0.7135874877810362,0.08308895405669599,0.06256109481915934,0.0772238514173998
BMP:SU5402:CHIR.A3.PLATE3,0.10091743119266056,0.6935779816513762,0.08990825688073395,0.04954128440366973,0.06605504587155964
BMP:SU5402:CHIR.A4.PLATE3,0.029661016949152543,0.7245762711864406,0.07203389830508475,0.0635593220338983,0.11016949152542373
BMP:SU5402:CHIR.A5.PLATE3,0.07945205479452055,0.7178082191780822,0.10410958904109589,0.03287671232876712,0.06575342465753424
BMP:SU5402:CHIR.A6.PLATE3,0.12063492063492064,0.6428571428571429,0.13174603174603175,0.06666666666666667,0.0380952380952381
BMP:SU5402:CHIR.A7.PLATE3,0.09090909090909091,0.6024096385542169,0.15991237677984665,0.056955093099671415,0.08981380065717415
BMP:SU5402:CHIR.A8.PLATE3,0.07805676855895197,0.6588427947598253,0.13646288209606988,0.06986899563318777,0.056768558951965066
BMP:SU5402:CHIR.A9.PLATE3,0.051181102362204724,0.6614173228346457,0.09055118110236221,0.06299212598425197,0.13385826771653545
BMP:SU5402:CHIR.B1.PLATE3,0.06885758998435054,0.6400625978090767,0.10954616588419405,0.07042253521126761,0.1111111111111111
BMP:SU5402:CHIR.B10.PLATE3,0.07630522088353414,0.7871485943775101,0.05220883534136546,0.04417670682730924,0.040160642570281124
BMP:SU5402:CHIR.B11.PLATE3,0.059371362048894066,0.6682188591385332,0.11059371362048893,0.058983313930927435,0.10283275126115639
BMP:SU5402:CHIR.B12.PLATE3,0.10040160642570281,0.6907630522088354,0.0642570281124498,0.04417670682730924,0.10040160642570281
BMP:SU5402:CHIR.B2.PLATE3,0.05660377358490566,0.7421383647798742,0.040880503144654086,0.06289308176100629,0.09748427672955975
BMP:SU5402:CHIR.B3.PLATE3,0.046092906013683835,0.6946344976593446,0.09794742527907814,0.05257472092185812,0.10875045012603529
BMP:SU5402:CHIR.B4.PLATE3,0.08085106382978724,0.5872340425531914,0.11914893617021277,0.10638297872340426,0.10638297872340426
BMP:SU5402:CHIR.B5.PLATE3,0.1511627906976744,0.6046511627906976,0.16279069767441862,0.06976744186046512,0.011627906976744186
BMP:SU5402:CHIR.B6.PLATE3,0.08129496402877698,0.5848920863309353,0.1460431654676259,0.0856115107913669,0.10215827338129496
BMP:SU5402:CHIR.B7.PLATE3,0.10427135678391959,0.6721105527638191,0.114321608040201,0.04396984924623116,0.06532663316582915
BMP:SU5402:CHIR.B8.PLATE3,0.06519337016574586,0.6928176795580111,0.09834254143646409,0.05082872928176796,0.09281767955801105
BMP:SU5402:CHIR.B9.PLATE3,0.06395348837209303,0.747093023255814,0.0872093023255814,0.014534883720930232,0.0872093023255814
BMP:SU5402:CHIR.C1.PLATE3,0.07920792079207921,0.8267326732673267,0.054455445544554455,0.012376237623762377,0.027227722772277228
BMP:SU5402:CHIR.C10.PLATE3,0.08121827411167512,0.6954314720812182,0.05583756345177665,0.08121827411167512,0.08629441624365482
BMP:SU5402:CHIR.C11.PLATE3,0.03257328990228013,0.7931596091205212,0.035830618892508145,0.05211726384364821,0.08631921824104234
BMP:SU5402:CHIR.C2.PLATE3,0.09368635437881874,0.7107942973523421,0.14052953156822812,0.04276985743380855,0.012219959266802444
BMP:SU5402:CHIR.C3.PLATE3,0.026905829596412557,0.8139013452914798,0.04932735426008968,0.042600896860986545,0.06726457399103139
BMP:SU5402:CHIR.C4.PLATE3,0.040268456375838924,0.674496644295302,0.1040268456375839,0.09395973154362416,0.087248322147651
BMP:SU5402:CHIR.C5.PLATE3,0.05179517363154797,0.735138316656857,0.07004120070629782,0.04649793996468511,0.09652736904061213
BMP:SU5402:CHIR.C6.PLATE3,0.0584958217270195,0.7270194986072424,0.09749303621169916,0.04178272980501393,0.07520891364902507
BMP:SU5402:CHIR.C7.PLATE3,0.10891089108910891,0.7458745874587459,0.1254125412541254,0.013201320132013201,0.006600660066006601
BMP:SU5402:CHIR.C8.PLATE3,0.055865921787709494,0.7262569832402235,0.061452513966480445,0.03910614525139665,0.11731843575418995
BMP:SU5402:CHIR.C9.PLATE3,0.06813186813186813,0.6703296703296703,0.09230769230769231,0.06373626373626373,0.1054945054945055
BMP:SU5402:CHIR.D1.PLATE3,0.04325032765399738,0.7378768020969856,0.08256880733944955,0.045871559633027525,0.09043250327653997
BMP:SU5402:CHIR.D10.PLATE3,0.054989816700611,0.7556008146639511,0.07942973523421588,0.04684317718940937,0.06313645621181263
BMP:SU5402:CHIR.D11.PLATE3,0.0787065283709579,0.6723611958511287,0.11958511287370348,0.04514948139109213,0.08419768151311775
BMP:SU5402:CHIR.D12.PLATE3,0.03205128205128205,0.7884615384615384,0.046153846153846156,0.057692307692307696,0.07564102564102564
BMP:SU5402:CHIR.D2.PLATE3,0.05156723963599596,0.6521739130434783,0.12032355915065723,0.10313447927199192,0.07280080889787664
BMP:SU5402:CHIR.D3.PLATE3,0.06870229007633588,0.5687022900763359,0.2480916030534351,0.04580152671755725,0.06870229007633588
BMP:SU5402:CHIR.D4.PLATE3,0.03910614525139665,0.7560521415270018,0.05772811918063315,0.07262569832402235,0.074487895716946
BMP:SU5402:CHIR.D5.PLATE3,0.03712871287128713,0.75,0.05198019801980198,0.04455445544554455,0.11633663366336634
BMP:SU5402:CHIR.D6.PLATE3,0.04716981132075472,0.7405660377358491,0.1320754716981132,0.06132075471698113,0.018867924528301886
BMP:SU5402:CHIR.D7.PLATE3,0.07993730407523511,0.6394984326018809,0.09247648902821316,0.06739811912225706,0.1206896551724138
BMP:SU5402:CHIR.D8.PLATE3,0.05,0.75,0.06,0.06,0.08
BMP:SU5402:CHIR.D9.PLATE3,0.059516429014259145,0.5874147551146931,0.1624302541847489,0.08803471791692498,0.10260384376937384
CONTROL.A1.PLATE1,0.06545454545454546,0.8454545454545455,0.03272727272727273,0.016363636363636365,0.04
CONTROL.A10.PLATE1,0.037037037037037035,0.8148148148148148,0.04938271604938271,0.04938271604938271,0.04938271604938271
CONTROL.A11.PLATE1,0.03064066852367688,0.7646239554317549,0.0745125348189415,0.059192200557103065,0.07103064066852367
CONTROL.A12.PLATE1,0.06542056074766354,0.8037383177570093,0.04672897196261682,0.04672897196261682,0.037383177570093455
CONTROL.A2.PLATE1,0.04885654885654886,0.8097713097713097,0.06652806652806653,0.034303534303534305,0.04054054054054054
CONTROL.A3.PLATE1,0.06067961165048544,0.7621359223300971,0.0970873786407767,0.04854368932038835,0.03155339805825243
CONTROL.A4.PLATE1,0.1090146750524109,0.7148846960167715,0.1111111111111111,0.016771488469601678,0.04821802935010482
CONTROL.A6.PLATE1,0.041390728476821195,0.7963576158940397,0.054635761589403975,0.061258278145695365,0.046357615894039736
CONTROL.A7.PLATE1,0.06711409395973154,0.7785234899328859,0.040268456375838924,0.03355704697986577,0.08053691275167785
CONTROL.A8.PLATE1,0.08021390374331551,0.7700534759358288,0.06951871657754011,0.03208556149732621,0.0481283422459893
CONTROL.A9.PLATE1,0.08875739644970414,0.7751479289940828,0.07100591715976332,0.03353057199211045,0.03155818540433925
CONTROL.B1.PLATE1,0.09398496240601503,0.7481203007518797,0.08646616541353383,0.04887218045112782,0.022556390977443608
CONTROL.B10.PLATE1,0.050314465408805034,0.720125786163522,0.11006289308176101,0.040880503144654086,0.07861635220125786
CONTROL.B11.PLATE1,0.06754966887417219,0.743046357615894,0.09006622516556291,0.05033112582781457,0.04900662251655629
CONTROL.B12.PLATE1,0.04822043628013777,0.756601607347876,0.08036739380022963,0.05855338691159587,0.05625717566016074
CONTROL.B3.PLATE1,0.052924791086350974,0.8105849582172702,0.07242339832869081,0.05013927576601671,0.013927576601671309
CONTROL.B4.PLATE1,0.03225806451612903,0.7258064516129032,0.08525345622119816,0.05069124423963134,0.10599078341013825
CONTROL.B5.PLATE1,0.05015432098765432,0.7932098765432098,0.0763888888888889,0.036265432098765434,0.04398148148148148
CONTROL.B8.PLATE1,0.037037037037037035,0.7283950617283951,0.1111111111111111,0.08641975308641975,0.037037037037037035
CONTROL.B9.PLATE1,0.03333333333333333,0.819047619047619,0.047619047619047616,0.05238095238095238,0.047619047619047616
CONTROL.C1.PLATE1,0.0784313725490196,0.7908496732026143,0.05228758169934641,0.0457516339869281,0.032679738562091505
CONTROL.C10.PLATE1,0.05,0.725,0.0875,0.025,0.1125
CONTROL.C11.PLATE1,0.03409090909090909,0.7272727272727273,0.13636363636363635,0.022727272727272728,0.07954545454545454
CONTROL.C12.PLATE1,0.08205128205128205,0.6871794871794872,0.07692307692307693,0.02564102564102564,0.1282051282051282
CONTROL.C2.PLATE1,0.0641025641025641,0.7923076923076923,0.07692307692307693,0.03333333333333333,0.03333333333333333
CONTROL.C3.PLATE1,0.05271317829457364,0.8062015503875969,0.05116279069767442,0.027906976744186046,0.06201550387596899
CONTROL.C4.PLATE1,0.04661654135338346,0.8180451127819549,0.07067669172932331,0.03609022556390978,0.02857142857142857
CONTROL.C5.PLATE1,0.08229426433915212,0.7755610972568578,0.05486284289276808,0.029925187032418952,0.057356608478802994
CONTROL.C7.PLATE1,0.035629453681710214,0.7553444180522565,0.0831353919239905,0.03800475059382423,0.08788598574821853
CONTROL.C9.PLATE1,0.03560528992878942,0.7731434384537131,0.07324516785350967,0.04374364191251272,0.07426246185147507
CONTROL.D1.PLATE1,0.10218978102189781,0.7262773722627737,0.09854014598540146,0.010948905109489052,0.06204379562043796
CONTROL.D4.PLATE1,0.02857142857142857,0.7714285714285715,0.12857142857142856,0.014285714285714285,0.05714285714285714
CONTROL.D5.PLATE1,0.04918032786885246,0.7540983606557377,0.06557377049180328,0.03278688524590164,0.09836065573770492
CONTROL.D6.PLATE1,0.0529567519858782,0.7590467784642542,0.07413945278022947,0.04854368932038835,0.06531332744924978
CONTROL.D7.PLATE1,0.09859154929577464,0.6056338028169014,0.08450704225352113,0.14084507042253522,0.07042253521126761
CONTROL.D9.PLATE1,0.17073170731707318,0.5609756097560976,0.06097560975609756,0.07317073170731707,0.13414634146341464
SAG.F11.PLATE1,0.12931034482758622,0.646551724137931,0.06896551724137931,0.0603448275862069,0.09482758620689655
SAG.F12.PLATE1,0.11538461538461539,0.6153846153846154,0.038461538461538464,0.09615384615384616,0.1346153846153846
SAG.F5.PLATE1,0.07569721115537849,0.7171314741035857,0.06772908366533864,0.055776892430278883,0.08366533864541832
SAG.F6.PLATE1,0.12582781456953643,0.6556291390728477,0.059602649006622516,0.0728476821192053,0.08609271523178808
SAG.F7.PLATE1,0.07017543859649122,0.7192982456140351,0.05263157894736842,0.10526315789473684,0.05263157894736842
SAG.G11.PLATE1,0.044444444444444446,0.7444444444444445,0.1,0.06666666666666667,0.044444444444444446
SAG.G2.PLATE1,0.15625,0.609375,0.046875,0.078125,0.109375
SAG.G8.PLATE1,0.18518518518518517,0.6111111111111112,0.05555555555555555,0.037037037037037035,0.1111111111111111
SAG.G9.PLATE1,0.06741573033707865,0.7078651685393258,0.056179775280898875,0.0898876404494382,0.07865168539325842
SAG.H1.PLATE1,0.14516129032258066,0.6129032258064516,0.04838709677419355,0.08064516129032258,0.11290322580645161
SAG.H3.PLATE1,0.10569105691056911,0.6341463414634146,0.13008130081300814,0.04878048780487805,0.08130081300813008
SAG.H4.PLATE1,0.09944751381215469,0.6574585635359116,0.1270718232044199,0.055248618784530384,0.06077348066298342
SAG:CHIR:BMP:SU5402.A1.PLATE4,0.09433962264150944,0.7169811320754716,0.07547169811320754,0.03773584905660377,0.07547169811320754
SAG:CHIR:BMP:SU5402.A10.PLATE4,0.28205128205128205,0.6256410256410256,0.046153846153846156,0.035897435897435895,0.010256410256410256
SAG:CHIR:BMP:SU5402.A11.PLATE4,0.26262626262626265,0.48484848484848486,0.1111111111111111,0.0707070707070707,0.0707070707070707
SAG:CHIR:BMP:SU5402.A12.PLATE4,0.18018018018018017,0.6396396396396397,0.07207207207207207,0.036036036036036036,0.07207207207207207
SAG:CHIR:BMP:SU5402.A2.PLATE4,0.09183673469387756,0.7653061224489796,0.02040816326530612,0.04081632653061224,0.08163265306122448
SAG:CHIR:BMP:SU5402.A5.PLATE4,0.3,0.48333333333333334,0.06666666666666667,0.06666666666666667,0.08333333333333333
SAG:CHIR:BMP:SU5402.A6.PLATE4,0.2863247863247863,0.5854700854700855,0.05555555555555555,0.03418803418803419,0.038461538461538464
SAG:CHIR:BMP:SU5402.A8.PLATE4,0.125,0.6439393939393939,0.13257575757575757,0.03787878787878788,0.06060606060606061
SAG:CHIR:BMP:SU5402.A9.PLATE4,0.11688311688311688,0.6818181818181818,0.08441558441558442,0.025974025974025976,0.09090909090909091
SAG:CHIR:BMP:SU5402.B1.PLATE4,0.06301369863013699,0.8356164383561644,0.04657534246575343,0.038356164383561646,0.01643835616438356
SAG:CHIR:BMP:SU5402.B10.PLATE4,0.24041811846689895,0.5714285714285714,0.09059233449477352,0.0627177700348432,0.03484320557491289
SAG:CHIR:BMP:SU5402.B11.PLATE4,0.16065573770491803,0.639344262295082,0.08852459016393442,0.06557377049180328,0.04590163934426229
SAG:CHIR:BMP:SU5402.B12.PLATE4,0.15844544095665172,0.6098654708520179,0.1210762331838565,0.06427503736920777,0.04633781763826607
SAG:CHIR:BMP:SU5402.B4.PLATE4,0.17543859649122806,0.6842105263157895,0.08771929824561403,0.03508771929824561,0.017543859649122806
SAG:CHIR:BMP:SU5402.B5.PLATE4,0.0893854748603352,0.6703910614525139,0.11731843575418995,0.08379888268156424,0.03910614525139665
SAG:CHIR:BMP:SU5402.B6.PLATE4,0.2935323383084577,0.5621890547263682,0.07960199004975124,0.014925373134328358,0.04975124378109453
SAG:CHIR:BMP:SU5402.B8.PLATE4,0.1631578947368421,0.7157894736842105,0.06315789473684211,0.04736842105263158,0.010526315789473684
SAG:CHIR:BMP:SU5402.B9.PLATE4,0.28,0.56,0.09,0.04,0.03
SAG:CHIR:BMP:SU5402.C1.PLATE4,0.25661914460285135,0.5112016293279023,0.15071283095723015,0.06517311608961303,0.016293279022403257
SAG:CHIR:BMP:SU5402.C10.PLATE4,0.23308270676691728,0.6390977443609023,0.06015037593984962,0.03007518796992481,0.03759398496240601
SAG:CHIR:BMP:SU5402.C12.PLATE4,0.2029598308668076,0.6257928118393234,0.08879492600422834,0.03805496828752643,0.04439746300211417
SAG:CHIR:BMP:SU5402.C2.PLATE4,0.2222222222222222,0.48148148148148145,0.18518518518518517,0.07407407407407407,0.037037037037037035
SAG:CHIR:BMP:SU5402.C3.PLATE4,0.10377358490566038,0.7547169811320755,0.0660377358490566,0.0660377358490566,0.009433962264150943
SAG:CHIR:BMP:SU5402.C5.PLATE4,0.17627118644067796,0.7050847457627119,0.04067796610169491,0.03389830508474576,0.04406779661016949
SAG:CHIR:BMP:SU5402.C6.PLATE4,0.23423423423423423,0.5675675675675675,0.08108108108108109,0.036036036036036036,0.08108108108108109
SAG:CHIR:BMP:SU5402.C7.PLATE4,0.1523809523809524,0.6952380952380952,0.0761904761904762,0.047619047619047616,0.02857142857142857
SAG:CHIR:BMP:SU5402.C8.PLATE4,0.2708333333333333,0.6145833333333334,0.0625,0.041666666666666664,0.010416666666666666
SAG:CHIR:BMP:SU5402.C9.PLATE4,0.13924050632911392,0.7468354430379747,0.0759493670886076,0.0,0.0379746835443038
SAG:CHIR:BMP:SU5402.D1.PLATE4,0.20512820512820512,0.6495726495726496,0.02564102564102564,0.042735042735042736,0.07692307692307693
SAG:CHIR:BMP:SU5402.D10.PLATE4,0.21808510638297873,0.5851063829787234,0.10638297872340426,0.07446808510638298,0.015957446808510637
SAG:CHIR:BMP:SU5402.D11.PLATE4,0.1038961038961039,0.7662337662337663,0.05844155844155844,0.045454545454545456,0.025974025974025976
SAG:CHIR:BMP:SU5402.D12.PLATE4,0.16393442622950818,0.6721311475409836,0.08196721311475409,0.06557377049180328,0.01639344262295082
SAG:CHIR:BMP:SU5402.D2.PLATE4,0.17050691244239632,0.6221198156682027,0.08294930875576037,0.06912442396313365,0.055299539170506916
SAG:CHIR:BMP:SU5402.D5.PLATE4,0.11920529801324503,0.7284768211920529,0.08609271523178808,0.026490066225165563,0.039735099337748346
SAG:CHIR:BMP:SU5402.D6.PLATE4,0.185,0.63,0.085,0.08,0.02
SAG:CHIR:BMP:SU5402.D7.PLATE4,0.2178988326848249,0.5797665369649806,0.06614785992217899,0.07782101167315175,0.058365758754863814
SAG:CHIR:BMP:SU5402.D8.PLATE4,0.1,0.6,0.06666666666666667,0.07777777777777778,0.15555555555555556
SAG:CHIR:BMP:SU5402.D9.PLATE4,0.29411764705882354,0.5294117647058824,0.058823529411764705,0.07352941176470588,0.04411764705882353
SU5402.A1.PLATE2,0.03205128205128205,0.8034188034188035,0.07692307692307693,0.038461538461538464,0.049145299145299144
SU5402.A10.PLATE2,0.05263157894736842,0.7406015037593985,0.08897243107769423,0.047619047619047616,0.07017543859649122
SU5402.A11.PLATE2,0.03937007874015748,0.7322834645669292,0.05905511811023622,0.06692913385826772,0.10236220472440945
SU5402.A12.PLATE2,0.04329896907216495,0.7463917525773196,0.06804123711340206,0.05567010309278351,0.0865979381443299
SU5402.A2.PLATE2,0.043640897755610975,0.7356608478802993,0.0773067331670823,0.059850374064837904,0.08354114713216958
SU5402.A3.PLATE2,0.03428571428571429,0.6828571428571428,0.10857142857142857,0.06,0.11428571428571428
SU5402.A4.PLATE2,0.03284950343773873,0.7501909854851031,0.0718105423987777,0.060351413292589765,0.08479755538579067
SU5402.A5.PLATE2,0.0196078431372549,0.7189542483660131,0.10457516339869281,0.0457516339869281,0.1111111111111111
SU5402.A6.PLATE2,0.06610169491525424,0.688135593220339,0.10677966101694915,0.07966101694915254,0.059322033898305086
SU5402.A7.PLATE2,0.0576271186440678,0.7406779661016949,0.10508474576271186,0.03728813559322034,0.059322033898305086
SU5402.A8.PLATE2,0.04375,0.703125,0.08125,0.075,0.096875
SU5402.A9.PLATE2,0.05793742757821553,0.7149478563151797,0.08690614136732329,0.06836616454229433,0.07184241019698726
SU5402.B1.PLATE2,0.047674418604651166,0.7523255813953489,0.07790697674418605,0.047674418604651166,0.07441860465116279
SU5402.B10.PLATE2,0.04,0.7018181818181818,0.04363636363636364,0.05818181818181818,0.15636363636363637
SU5402.B11.PLATE2,0.008849557522123894,0.8584070796460177,0.061946902654867256,0.035398230088495575,0.035398230088495575
SU5402.B12.PLATE2,0.03271028037383177,0.7429906542056075,0.07009345794392523,0.04906542056074766,0.10514018691588785
SU5402.B2.PLATE2,0.05006587615283267,0.691699604743083,0.09617918313570488,0.05665349143610013,0.10540184453227931
SU5402.B3.PLATE2,0.01818181818181818,0.703030303030303,0.09090909090909091,0.03636363636363636,0.15151515151515152
SU5402.B4.PLATE2,0.07172995780590717,0.6603375527426161,0.06329113924050633,0.06962025316455696,0.1350210970464135
SU5402.B5.PLATE2,0.035637149028077755,0.7041036717062635,0.11123110151187905,0.04535637149028078,0.10367170626349892
SU5402.B6.PLATE2,0.04448871181938911,0.7788844621513944,0.0750332005312085,0.0650730411686587,0.03652058432934927
SU5402.B7.PLATE2,0.041635687732342004,0.7657992565055762,0.07137546468401487,0.05947955390334572,0.06171003717472119
SU5402.B8.PLATE2,0.02833530106257379,0.7083825265643447,0.06965761511216056,0.07319952774498228,0.1204250295159386
SU5402.B9.PLATE2,0.047398843930635835,0.7260115606936416,0.10057803468208093,0.06705202312138728,0.058959537572254334
SU5402.C1.PLATE2,0.014619883040935672,0.8099415204678363,0.05847953216374269,0.03508771929824561,0.08187134502923976
SU5402.C10.PLATE2,0.04807692307692308,0.7857142857142857,0.057692307692307696,0.07142857142857142,0.03708791208791209
SU5402.C11.PLATE2,0.05272895467160037,0.6947271045328399,0.12395929694727105,0.07955596669750231,0.04902867715078631
SU5402.C12.PLATE2,0.031578947368421054,0.743859649122807,0.09824561403508772,0.03859649122807018,0.08771929824561403
SU5402.C2.PLATE2,0.031088082901554404,0.7642487046632125,0.06476683937823834,0.02849740932642487,0.11139896373056994
SU5402.C3.PLATE2,0.029681978798586573,0.789399293286219,0.0784452296819788,0.03604240282685512,0.06643109540636043
SU5402.C4.PLATE2,0.034227567067530065,0.7428307123034228,0.07493061979648474,0.0666049953746531,0.08140610545790934
SU5402.C5.PLATE2,0.0234192037470726,0.7939110070257611,0.07494145199063232,0.0468384074941452,0.06088992974238876
SU5402.C6.PLATE2,0.03707865168539326,0.797752808988764,0.08876404494382023,0.043820224719101124,0.03258426966292135
SU5402.C7.PLATE2,0.05295315682281059,0.6802443991853361,0.07942973523421588,0.08757637474541752,0.09979633401221996
SU5402.C8.PLATE2,0.04288939051918736,0.6975169300225733,0.08803611738148984,0.05191873589164785,0.11963882618510158
SU5402.C9.PLATE2,0.02237136465324385,0.7874720357941835,0.06935123042505593,0.06711409395973154,0.053691275167785234
SU5402.D1.PLATE2,0.02512562814070352,0.7989949748743719,0.05025125628140704,0.06532663316582915,0.06030150753768844
SU5402.D10.PLATE2,0.08633093525179857,0.7158273381294964,0.11151079136690648,0.06115107913669065,0.025179856115107913
SU5402.D11.PLATE2,0.047619047619047616,0.5873015873015873,0.1111111111111111,0.09523809523809523,0.15873015873015872
SU5402.D12.PLATE2,0.08819875776397515,0.8198757763975155,0.05093167701863354,0.01987577639751553,0.02111801242236025
SU5402.D2.PLATE2,0.027777777777777776,0.8134920634920635,0.07539682539682539,0.03571428571428571,0.047619047619047616
SU5402.D3.PLATE2,0.049079754601226995,0.6993865030674846,0.09815950920245399,0.0736196319018405,0.07975460122699386
SU5402.D4.PLATE2,0.028014616321559074,0.8112058465286236,0.0828258221680877,0.03532277710109622,0.04263093788063337
SU5402.D5.PLATE2,0.016908212560386472,0.7971014492753623,0.06038647342995169,0.04830917874396135,0.07729468599033816
SU5402.D6.PLATE2,0.03067484662576687,0.8067484662576687,0.05828220858895705,0.06748466257668712,0.03680981595092025
SU5402.D7.PLATE2,0.029953917050691243,0.8110599078341014,0.05069124423963134,0.06221198156682028,0.04608294930875576
SU5402.D8.PLATE2,0.020249221183800622,0.7593457943925234,0.05763239875389408,0.056074766355140186,0.10669781931464174
